ChatGPT_4-o,Rouge1,RougeL,Bleu,Sentiment,Fact checking,Bert Score,RoberTa
ChatGPT_4-o,0.33,0.21,0.09084574351826852,0.9,0.8,0.8903605341911316,0.6494408249855042
