ChatGPT_4,Rouge1,RougeL,Bleu,Sentiment,Fact checking,Bert Score,RoberTa
ChatGPT_4,0.27,0.16,0.09027693208160964,0.9,0.8,0.8794454336166382,0.5104334458708764
