ChatGPT_3.5,Rouge1,RougeL,Bleu,Sentiment,Fact checking,Bert Score,RoberTa
ChatGPT_3.5,0.32,0.2,0.08600134727689304,0.9,1.0,0.8791719675064087,0.6189682841300964
